old_path	new_path	replay_id	replay_date	original_id	original_date
//CZ-synology/WoJ HH/Vocal Jazz/20240407_zo21_vocale_jazz_279353.aiff	//CZ-synology/WoJ HH/Vocal Jazz/20140426_za4_20u_060_vocal_jazz.aiff	763713	2024-04-07 21:00:00	279353	2014-04-26 20:00:00
//CZ-synology/WoJ HH/Vocal Jazz/20240414_zo21_vocale_jazz_282939.wav	//CZ-synology/WoJ HH/Vocal Jazz/20120324_za4_20u_060_vocal_jazz.wav	763975	2024-04-14 21:00:00	237058	2012-03-24 20:00:00
//CZ-synology/WoJ HH/Vocal Jazz/20240421_zo21_vocale_jazz_285230.wav	//CZ-synology/WoJ HH/Vocal Jazz/20140726_za4_20u_060_vocal_jazz.wav	765536	2024-04-21 21:00:00	285230	2014-07-26 20:00:00
//CZ-synology/WoJ HH/Vocal Jazz/20240428_zo21_vocale_jazz_287836.wav	//CZ-synology/WoJ HH/Vocal Jazz/20140823_za4_20u_060_vocal_jazz.wav	767143	2024-04-28 21:00:00	287836	2014-08-23 20:00:00
//CZ-synology/WoJ HH/Vocal Jazz/20240505_zo21_vocale_jazz_294604.wav	//CZ-synology/WoJ HH/Vocal Jazz/20141122_za4_20u_060_vocal_jazz.wav	768819	2024-05-05 21:00:00	294604	2014-11-22 20:00:00
//CZ-synology/WoJ HH/Vocal Jazz/20240512_zo21_vocale_jazz.aiff	//CZ-synology/WoJ HH/Vocal Jazz/20230812_za2_18u_060_vocal_jazz.aiff	769942	2024-05-12 21:00:00	730661	2023-08-12 18:00:00
//CZ-synology/WoJ HH/Vocal Jazz/20240519_zo21_vocale_jazz_298115.wav	//CZ-synology/WoJ HH/Vocal Jazz/20150124_za4_20u_060_vocal_jazz.wav	771084	2024-05-19 21:00:00	298115	2015-01-24 20:00:00
//CZ-synology/WoJ HH/Vocal Jazz/20240526_zo21_vocale_jazz_300995.wav	//CZ-synology/WoJ HH/Vocal Jazz/20150228_za4_20u_060_vocal_jazz.wav	772142	2024-05-26 21:00:00	300995	2015-02-28 20:00:00
//CZ-synology/WoJ HH/Vocal Jazz/20240602_zo21_vocale_jazz_303726.wav	//CZ-synology/WoJ HH/Vocal Jazz/20150328_za4_20u_060_vocal_jazz.wav	773264	2024-06-02 21:00:00	303726	2015-03-28 20:00:00
//CZ-synology/WoJ HH/Vocal Jazz/20240609_zo21_vocale_jazz_305849.wav	//CZ-synology/WoJ HH/Vocal Jazz/20150425_za4_20u_060_vocal_jazz.wav	773905	2024-06-09 21:00:00	305849	2015-04-25 20:00:00
//CZ-synology/WoJ HH/Vocal Jazz/20240616_zo21_vocale_jazz_307425.wav	//CZ-synology/WoJ HH/Vocal Jazz/20150523_za4_20u_060_vocal_jazz.wav	774891	2024-06-16 21:00:00	307425	2015-05-23 20:00:00
//CZ-synology/WoJ HH/Vocal Jazz/20240623_zo21_vocale_jazz_311767.wav	//CZ-synology/WoJ HH/Vocal Jazz/20150725_za4_20u_060_vocal_jazz.wav	776115	2024-06-23 21:00:00	311767	2015-07-25 20:00:00
//CZ-synology/WoJ HH/Vocal Jazz/20240630_zo21_vocale_jazz_319652.wav	//CZ-synology/WoJ HH/Vocal Jazz/20151024_za4_20u_060_vocal_jazz.wav	777362	2024-06-30 21:00:00	319652	2015-10-24 20:00:00
//CZ-synology/WoJ HH/Vocal Jazz/20240707_zo21_vocale_jazz.aiff	//CZ-synology/WoJ HH/Vocal Jazz/20151226_za4_20u_060_vocal_jazz.aiff	778425	2024-07-07 21:00:00	324886	2015-12-26 20:00:00
//CZ-synology/WoJ HH/Vocal Jazz/20240714_2100_Vocale Jazz_256117.aiff	//CZ-synology/WoJ HH/Vocal Jazz/20130427_za4_20u_060_vocal_jazz.aiff	779721	2024-07-14 21:00:00	256117	2013-04-27 20:00:00
//CZ-synology/WoJ HH/Vocal Jazz/20240721_zo21_vocale_jazz.aiff	//CZ-synology/WoJ HH/Vocal Jazz/20230708_za2_18u_060_vocal_jazz.aiff	780429	2024-07-21 21:00:00	726528	2023-07-08 18:00:00
//CZ-synology/WoJ HH/Vocal Jazz/20240728_zo21_vocale_jazz_328966.aiff	//CZ-synology/WoJ HH/Vocal Jazz/20160227_za4_20u_060_vocal_jazz.aiff	781840	2024-07-28 21:00:00	328966	2016-02-27 20:00:00
//CZ-synology/WoJ HH/Vocal Jazz/20240804_zo21_vocale_jazz_332327.aiff	//CZ-synology/WoJ HH/Vocal Jazz/20160423_za4_20u_060_vocal_jazz.aiff	782697	2024-08-04 21:00:00	332327	2016-04-23 20:00:00
//CZ-synology/WoJ HH/Vocal Jazz/20240811_zo21_vocale_jazz_336067.aiff	//CZ-synology/WoJ HH/Vocal Jazz/20160528_za4_20u_060_vocal_jazz.aiff	783636	2024-08-11 21:00:00	336067	2016-05-28 20:00:00
//CZ-synology/WoJ HH/Vocal Jazz/20240818_zo21_vocale_jazz_339621.aiff	//CZ-synology/WoJ HH/Vocal Jazz/20160625_za4_20u_060_vocal_jazz.aiff	784694	2024-08-18 21:00:00	339621	2016-06-25 20:00:00
//CZ-synology/WoJ HH/Vocal Jazz/20240825_zo21_vocale_jazz_342533.aiff	//CZ-synology/WoJ HH/Vocal Jazz/20160723_za4_20u_060_vocal_jazz.aiff	787044	2024-08-25 21:00:00	342533	2016-07-23 20:00:00
//CZ-synology/WoJ HH/Vocal Jazz/20240901_2100_Vocale Jazz_267047.aiff	//CZ-synology/WoJ HH/Vocal Jazz/20131123_za4_20u_060_vocal_jazz.aiff	788178	2024-09-01 21:00:00	267047	2013-11-23 20:00:00
//CZ-synology/WoJ HH/Vocal Jazz/20240908_2100_Vocale Jazz_269222.aiff	//CZ-synology/WoJ HH/Vocal Jazz/20131228_za4_20u_060_vocal_jazz.aiff	789418	2024-09-08 21:00:00	269222	2013-12-28 20:00:00
//CZ-synology/WoJ HH/Vocal Jazz/20240915_2100_Vocale Jazz_271951.aiff	//CZ-synology/WoJ HH/Vocal Jazz/20140125_za4_20u_060_vocal_jazz.aiff	790208	2024-09-15 21:00:00	271951	2014-01-25 20:00:00
//CZ-synology/WoJ HH/Vocal Jazz/20240922_2100_Vocale Jazz_273249.aiff	//CZ-synology/WoJ HH/Vocal Jazz/20140222_za4_20u_060_vocal_jazz.aiff	791384	2024-09-22 21:00:00	273249	2014-02-22 20:00:00
//CZ-synology/WoJ HH/Vocal Jazz/20240929_2100_Vocale Jazz_275314.aiff	//CZ-synology/WoJ HH/Vocal Jazz/20140322_za4_20u_060_vocal_jazz.aiff	792199	2024-09-29 21:00:00	275314	2014-03-22 20:00:00
//CZ-synology/WoJ HH/Vocal Jazz/20241006_zo21_vocale_jazz_378224.aiff	//CZ-synology/WoJ HH/Vocal Jazz/20170325_za4_20u_060_vocal_jazz.aiff	793194	2024-10-06 21:00:00	378224	2017-03-25 20:00:00
//CZ-synology/WoJ HH/Vocal Jazz/20241013_zo21_vocale_jazz_384565.aiff	//CZ-synology/WoJ HH/Vocal Jazz/20170422_za4_20u_060_vocal_jazz.aiff	794253	2024-10-13 21:00:00	384565	2017-04-22 20:00:00
//CZ-synology/WoJ HH/Vocal Jazz/20241020_zo21_vocale_jazz_397010.aiff	//CZ-synology/WoJ HH/Vocal Jazz/20170527_za4_20u_060_vocal_jazz.aiff	795336	2024-10-20 21:00:00	397010	2017-05-27 20:00:00
//CZ-synology/WoJ HH/Vocal Jazz/20241027_zo21_vocale_jazz_401194.aiff	//CZ-synology/WoJ HH/Vocal Jazz/20170624_za4_20u_060_vocal_jazz.aiff	796460	2024-10-27 21:00:00	401194	2017-06-24 20:00:00
//CZ-synology/WoJ HH/Vocal Jazz/20241103_zo21_vocale_jazz.aiff	//CZ-synology/WoJ HH/Vocal Jazz/20170722_za4_20u_060_vocal_jazz.aiff	797518	2024-11-03 21:00:00	405763	2017-07-22 20:00:00
//CZ-synology/WoJ HH/Vocal Jazz/20241110_zo21_vocale_jazz.aiff	//CZ-synology/WoJ HH/Vocal Jazz/20170826_za4_20u_060_vocal_jazz.aiff	798627	2024-11-10 21:00:00	410197	2017-08-26 20:00:00
//CZ-synology/WoJ HH/Vocal Jazz/20241117_zo21_vocale_jazz.aiff	//CZ-synology/WoJ HH/Vocal Jazz/20170923_za4_20u_060_vocal_jazz.aiff	799835	2024-11-17 21:00:00	412743	2017-09-23 20:00:00
//CZ-synology/WoJ HH/Vocal Jazz/20241124_zo21_vocale_jazz.aiff	//CZ-synology/WoJ HH/Vocal Jazz/20171028_za4_20u_060_vocal_jazz.aiff	801000	2024-11-24 21:00:00	418094	2017-10-28 20:00:00
//CZ-synology/WoJ HH/Vocal Jazz/20241201_zo21_vocale_jazz.aiff	//CZ-synology/WoJ HH/Vocal Jazz/20171125_za4_20u_060_vocal_jazz.aiff	802222	2024-12-01 21:00:00	421586	2017-11-25 20:00:00
//CZ-synology/WoJ HH/Vocal Jazz/20241208_zo21_vocale_jazz.aiff	//CZ-synology/WoJ HH/Vocal Jazz/20171223_za4_20u_060_vocal_jazz.aiff	803543	2024-12-08 21:00:00	425026	2017-12-23 20:00:00
//CZ-synology/WoJ HH/Vocal Jazz/20241215_zo21_vocale_jazz.aiff	//CZ-synology/WoJ HH/Vocal Jazz/20180127_za4_20u_060_vocal_jazz.aiff	804940	2024-12-15 21:00:00	429023	2018-01-27 20:00:00
//CZ-synology/WoJ HH/Vocal Jazz/20241222_zo21_vocale_jazz.aiff	//CZ-synology/WoJ HH/Vocal Jazz/20180224_za4_20u_060_vocal_jazz.aiff	806110	2024-12-22 21:00:00	432724	2018-02-24 20:00:00
//CZ-synology/WoJ HH/Vocal Jazz/20241229_zo21_vocale_jazz.aiff	//CZ-synology/WoJ HH/Vocal Jazz/20180324_za4_20u_060_vocal_jazz.aiff	807415	2024-12-29 21:00:00	436399	2018-03-24 20:00:00
//CZ-synology/WoJ HH/Vocal Jazz/20250105_zo21_vocale_jazz.aiff	//CZ-synology/WoJ HH/Vocal Jazz/20180526_za4_20u_060_vocal_jazz.aiff	808595	2025-01-05 21:00:00	445125	2018-05-26 20:00:00
//CZ-synology/WoJ HH/Vocal Jazz/20250112_zo21_vocale_jazz.aiff	//CZ-synology/WoJ HH/Vocal Jazz/20180623_za4_20u_060_vocal_jazz.aiff	809573	2025-01-12 21:00:00	449340	2018-06-23 20:00:00
//CZ-synology/WoJ HH/Vocal Jazz/20250119_zo21_vocale_jazz.aiff	//CZ-synology/WoJ HH/Vocal Jazz/20180728_za4_20u_060_vocal_jazz.aiff	810620	2025-01-19 21:00:00	454388	2018-07-28 20:00:00
//CZ-synology/WoJ HH/Vocal Jazz/20250126_zo21_vocale_jazz.aiff	//CZ-synology/WoJ HH/Vocal Jazz/20180825_za4_20u_060_vocal_jazz.aiff	811754	2025-01-26 21:00:00	456737	2018-08-25 20:00:00
//CZ-synology/WoJ HH/Vocal Jazz/20250202_zo21_vocale_jazz.aiff	//CZ-synology/WoJ HH/Vocal Jazz/20180922_za4_20u_060_vocal_jazz.aiff	812861	2025-02-02 21:00:00	462015	2018-09-22 20:00:00
//CZ-synology/WoJ HH/Vocal Jazz/20250209_zo21_vocale_jazz.aiff	//CZ-synology/WoJ HH/Vocal Jazz/20181027_za4_20u_060_vocal_jazz.aiff	814122	2025-02-09 21:00:00	468933	2018-10-27 20:00:00
//CZ-synology/WoJ HH/Vocal Jazz/20250216_zo21_vocale_jazz.aiff	//CZ-synology/WoJ HH/Vocal Jazz/20181124_za4_20u_060_vocal_jazz.aiff	815197	2025-02-16 21:00:00	473902	2018-11-24 20:00:00
//CZ-synology/WoJ HH/Vocal Jazz/20250223_zo21_vocale_jazz.aiff	//CZ-synology/WoJ HH/Vocal Jazz/20181222_za4_20u_060_vocal_jazz.aiff	816332	2025-02-23 21:00:00	478844	2018-12-22 20:00:00
//CZ-synology/WoJ HH/Vocal Jazz/20250302_zo21_vocale_jazz.aiff	//CZ-synology/WoJ HH/Vocal Jazz/20190126_za4_20u_060_vocal_jazz.aiff	817401	2025-03-02 21:00:00	484433	2019-01-26 20:00:00
//CZ-synology/WoJ HH/Vocal Jazz/20250309_zo21_vocale_jazz.aiff	//CZ-synology/WoJ HH/Vocal Jazz/20190223_za4_20u_060_vocal_jazz.aiff	818584	2025-03-09 21:00:00	489901	2019-02-23 20:00:00
//CZ-synology/WoJ HH/Vocal Jazz/20250316_zo21_vocale_jazz.aiff	//CZ-synology/WoJ HH/Vocal Jazz/20190323_za4_20u_060_vocal_jazz.aiff	819579	2025-03-16 21:00:00	495380	2019-03-23 20:00:00
//CZ-synology/WoJ HH/Vocal Jazz/20250323_zo21_vocale_jazz.aiff	//CZ-synology/WoJ HH/Vocal Jazz/20190427_za4_20u_060_vocal_jazz.aiff	820708	2025-03-23 21:00:00	502729	2019-04-27 20:00:00
//CZ-synology/WoJ HH/Vocal Jazz/20250406_zo21_vocale_jazz.aiff	//CZ-synology/WoJ HH/Vocal Jazz/20210612_za2_18u_060_vocal_jazz.aiff	823007	2025-04-06 21:00:00	612180	2021-06-12 18:00:00
//CZ-synology/WoJ HH/Vocal Jazz/20250413_zo21_vocale_jazz.aiff	//CZ-synology/WoJ HH/Vocal Jazz/20210710_za2_18u_060_vocal_jazz.aiff	824416	2025-04-13 21:00:00	616541	2021-07-10 18:00:00
//CZ-synology/WoJ HH/Vocal Jazz/20250420_zo21_vocale_jazz.aiff	//CZ-synology/WoJ HH/Vocal Jazz/20210814_za2_18u_060_vocal_jazz.aiff	825940	2025-04-20 21:00:00	621685	2021-08-14 18:00:00
//CZ-synology/WoJ HH/Vocal Jazz/20250427_zo21_vocale_jazz.aiff	//CZ-synology/WoJ HH/Vocal Jazz/20210911_za2_18u_060_vocal_jazz.aiff	827101	2025-04-27 21:00:00	624665	2021-09-11 18:00:00
//CZ-synology/WoJ HH/Vocal Jazz/20250504_zo21_vocale_jazz.aiff	//CZ-synology/WoJ HH/Vocal Jazz/20211009_za2_18u_060_vocal_jazz.aiff	828307	2025-05-04 21:00:00	629529	2021-10-09 18:00:00
//CZ-synology/WoJ HH/Vocal Jazz/20250511_zo21_vocale_jazz.aiff	//CZ-synology/WoJ HH/Vocal Jazz/20211113_za2_18u_060_vocal_jazz.aiff	829492	2025-05-11 21:00:00	635285	2021-11-13 18:00:00
//CZ-synology/WoJ HH/Vocal Jazz/20250518_zo21_vocale_jazz.aiff	//CZ-synology/WoJ HH/Vocal Jazz/20211211_za2_18u_060_vocal_jazz.aiff	830740	2025-05-18 21:00:00	638458	2021-12-11 18:00:00
//CZ-synology/WoJ HH/Vocal Jazz/20250525_zo21_vocale_jazz.aiff	//CZ-synology/WoJ HH/Vocal Jazz/20220108_za2_18u_060_vocal_jazz.aiff	831905	2025-05-25 21:00:00	642857	2022-01-08 18:00:00
//CZ-synology/WoJ HH/Vocal Jazz/20250601_zo21_vocale_jazz.aiff	//CZ-synology/WoJ HH/Vocal Jazz/20220212_za2_18u_060_vocal_jazz.aiff	833102	2025-06-01 21:00:00	647792	2022-02-12 18:00:00
//CZ-synology/WoJ HH/Vocal Jazz/20250608_zo21_vocale_jazz.aiff	//CZ-synology/WoJ HH/Vocal Jazz/20220312_za2_18u_060_vocal_jazz.aiff	834159	2025-06-08 21:00:00	652001	2022-03-12 18:00:00
//CZ-synology/WoJ HH/Vocal Jazz/20250615_zo21_vocale_jazz.aiff	//CZ-synology/WoJ HH/Vocal Jazz/20220409_za2_18u_060_vocal_jazz.aiff	834983	2025-06-15 21:00:00	656340	2022-04-09 18:00:00
//CZ-synology/WoJ HH/Vocal Jazz/20250622_zo21_vocale_jazz.aiff	//CZ-synology/WoJ HH/Vocal Jazz/20220514_za2_18u_060_vocal_jazz.aiff	836362	2025-06-22 21:00:00	662092	2022-05-14 18:00:00
//CZ-synology/WoJ HH/Vocal Jazz/20250629_zo21_vocale_jazz.aiff	//CZ-synology/WoJ HH/Vocal Jazz/20220611_za2_18u_060_vocal_jazz.aiff	837265	2025-06-29 21:00:00	666721	2022-06-11 18:00:00
//CZ-synology/WoJ HH/Vocal Jazz/20250720_zo21_vocale_jazz.aiff	//CZ-synology/WoJ HH/Vocal Jazz/20220910_za2_18u_060_vocal_jazz.aiff	841109	2025-07-20 21:00:00	680206	2022-09-10 18:00:00
//CZ-synology/WoJ HH/Vocal Jazz/20250727_zo21_vocale_jazz.aiff	//CZ-synology/WoJ HH/Vocal Jazz/20221008_za2_18u_060_vocal_jazz.aiff	842210	2025-07-27 21:00:00	684339	2022-10-08 18:00:00
//CZ-synology/WoJ HH/Vocal Jazz/20250803_zo21_vocale_jazz.aiff	//CZ-synology/WoJ HH/Vocal Jazz/20221112_za2_18u_060_vocal_jazz.aiff	842909	2025-08-03 21:00:00	689472	2022-11-12 18:00:00
//CZ-synology/WoJ HH/Vocal Jazz/20250810_zo21_vocale_jazz.aiff	//CZ-synology/WoJ HH/Vocal Jazz/20221210_za2_18u_060_vocal_jazz.aiff	844338	2025-08-10 21:00:00	693719	2022-12-10 18:00:00
//CZ-synology/WoJ HH/Vocal Jazz/20250817_zo21_vocale_jazz.aiff	//CZ-synology/WoJ HH/Vocal Jazz/20230114_za2_18u_060_vocal_jazz.aiff	845396	2025-08-17 21:00:00	699550	2023-01-14 18:00:00
//CZ-synology/WoJ HH/Vocal Jazz/20250824_zo21_vocale_jazz.aiff	//CZ-synology/WoJ HH/Vocal Jazz/20230211_za2_18u_060_vocal_jazz.aiff	846045	2025-08-24 21:00:00	703841	2023-02-11 18:00:00
//CZ-synology/WoJ HH/Vocal Jazz/20250831_zo21_vocale_jazz.aiff	//CZ-synology/WoJ HH/Vocal Jazz/20230311_za2_18u_060_vocal_jazz.aiff	847334	2025-08-31 21:00:00	708392	2023-03-11 18:00:00
//CZ-synology/WoJ HH/Vocal Jazz/20250907_zo21_vocale_jazz.aiff	//CZ-synology/WoJ HH/Vocal Jazz/20230408_za2_18u_060_vocal_jazz.aiff	848496	2025-09-07 21:00:00	714784	2023-04-08 18:00:00
